Region,ResturantName,Cuisine,Reviews,Stars,Excellent,VeryGood,Poor,Average,Terrible,FoodRating,ServiceRating,ValueRating,Branch
Riyadh,The Globe,European,2,4.5,633,230,32,94,16,4,4.5,3.5,
Riyadh,Spazio,French,10,3.5,50,59,25,46,20,3.5,3.5,3,
Riyadh,Piatto,Italian,0,4,339,311,21,83,24,4,4,4,
Riyadh,Assaraya Turkish,Mediterranean,0,4,97,115,21,42,17,4,4,4,
Riyadh,Myazu,Japanese,9,4.5,331,101,19,35,15,4.5,4.5,4,
Riyadh,Karam Beirut,Lebanese,3,4,113,116,18,42,11,4.5,4,3.5,
Riyadh,Tokyo,Japanese,2,4,216,152,16,47,19,4,4,4,
Riyadh,Kosebasi,Turkish,17,3.5,19,24,14,8,8,3.5,3.5,3,
Riyadh,Cafe Bateel,Cafe,7,4.5,249,132,13,42,5,4.5,4.5,4,
Riyadh,Maharaja East by Vineet,Indian,13,4,84,21,13,7,6,4,4.5,3.5,
Riyadh,Sushi Yoshi,Japanese,9,3.5,42,43,11,17,11,4,3.5,3.5,
Riyadh,Chili's,American,11,3.5,32,39,11,41,19,3.5,4,3.5,
Riyadh,Lusin,Mediterranean,5,4.5,327,151,10,33,20,4.5,4.5,3.5,
Riyadh,The Butcher Shop and Grill,Steakhouse,5,4,117,106,10,25,5,4.5,4.5,3.5,
Riyadh,Darbar ,Indian,4,3.5,29,64,10,19,17,3.5,3.5,3.5,
Riyadh,Abdel Wahab,Lebanese,3,3.5,19,26,10,11,6,3.5,3.5,3,
Riyadh,Le Relais de I'entrecote,French,3,3.5,21,24,10,11,4,4,4,3.5,
Riyadh,Steaky,Steakhouse,0,3.5,29,22,10,9,7,4,4.5,4,
Riyadh,Burj Al Hamam,Lebanese,0,4,51,81,9,18,2,4.5,4,4,
Riyadh,DIAMOND,Chinese,4,4,47,41,9,16,3,4,4,3,
Riyadh,Al Nafoura ,Seafood,3,3.5,20,41,9,21,5,4,3.5,4,
Riyadh,TGI Friday's,American,6,3.5,23,38,9,23,11,3.5,4,3.5,
Riyadh,Mondo ,Mediterranean,0,4,49,26,9,10,3,4,4.5,3.5,
Riyadh,Al Orjouan,Mediterranean,3,5,1499,74,8,16,4,4.5,4.5,4,
Riyadh,Steak House,American,12,4,41,53,8,21,7,4,4,4,
Riyadh,Indian Summer,Indian,2,3.5,27,40,8,24,11,4,4,3.5,
Riyadh,San Carlo Cicchetti,Italian,6,4,25,7,8,6,2,4.5,4,3.5,
Riyadh,Najd Village,Middle Eastern,2,4,218,188,7,64,12,4,4,4,
Riyadh,Kampai,Japanese,8,4,82,57,7,24,3,4.5,4.5,3.5,
Riyadh,Red Chilli ,Chinese,6,4,49,55,7,17,5,4,4,4,
Riyadh,Burger Boutique,American,17,4,40,52,7,21,9,4.5,4,3.5,
Riyadh,Shogun at Radisson Blu,Japanese,0,4,80,35,7,22,8,4,4.5,4,
Riyadh,Fairouz Garden,Mediterranean,6,3.5,11,9,7,6,4,3.5,3.5,3,
Riyadh,Planet Hollywood,American,21,3,5,8,7,7,5,3,3.5,3,
Riyadh,Copper Chandni,Indian,7,3.5,15,32,6,15,7,4,3.5,3,
Riyadh,Amo Hamza,Seafood,9,3.5,8,28,6,14,6,3.5,3.5,3,
Riyadh,Saravanaa Bhavan,Indian,3,4,21,27,6,6,6,4,3.5,3.5,
Riyadh,Almayass,Middle Eastern,16,4,15,25,6,11,3,4,4,3,
Riyadh,Steak House,American,10,3.5,11,24,6,13,2,3.5,3.5,3.5,
Riyadh,Johnny Rockets,American,0,3.5,18,24,6,17,7,4,4,3.5,
Riyadh,YOKARI,Japanese,16,4.5,52,17,6,6,1,4.5,5,4,
Riyadh,Makani Indian Cuisine,Indian,29,3.5,12,16,6,18,3,4,3,4,
Riyadh,Najd Village,Middle Eastern,12,4.5,139,96,5,32,4,4.5,4.5,4.5,
Riyadh,Steak House,American,11,4,32,32,5,17,4,4,4,3.5,
Riyadh,Al,Middle Eastern,13,4,23,24,5,5,1,4,4,4,Romansiah
Riyadh,Forchetta,Italian,4,3.5,20,23,5,27,12,3.5,4,3.5,
Riyadh,Pizza Amore,Italian,9,4,19,19,5,7,0,4.5,4,3.5,
Riyadh,Nafoorah Seafood,Seafood,0,3.5,17,19,5,12,3,4,3.5,3.5,
Riyadh,La Piazza ,Seafood,4,4,54,16,5,16,1,4.5,4.5,4,
Riyadh,The Pizza Company,Italian,7,3.5,14,14,5,7,6,3.5,3,3,
Riyadh,Gulluoglu ksa,Mediterranean,2,4,16,13,5,11,2,4,4,3.5,
Riyadh,Copper Chandni,Indian,8,3.5,4,8,5,4,2,4,4,3,
Riyadh,Sultan Steakhouse Riyadh,Steakhouse,4,4.5,103,48,4,17,1,4.5,4.5,3.5,
Riyadh,Terrace Grill,American,16,4.5,43,32,4,7,0,4.5,4.5,4,
Riyadh,Steakhouse Olya,Steakhouse,11,3.5,9,30,4,8,3,4,4,3.5,
Riyadh,Buffalo's Southwest Cafe,American,5,4,17,29,4,15,3,4,4,4,
Riyadh,Anatolia,Turkish,2,3.5,14,27,4,17,5,4,3.5,4,
Riyadh,Bab Al Yemen,Middle Eastern,0,3.5,13,27,4,10,3,3.5,4,3.5,
Riyadh,Roma ,Italian,8,4.5,33,20,4,8,1,4,4.5,4,
Riyadh,Buffalo Wild Wings,American,8,3.5,20,19,4,9,8,3.5,3.5,3.5,
Riyadh,Red Onion,Indian,2,3.5,8,19,4,14,1,4,3.5,3.5,
Riyadh,El Chico,Mexican,11,4,20,15,4,13,0,4,4.5,4,
Riyadh,Scalini,Italian,3,4,6,10,4,3,1,4,3.5,3.5,
Riyadh,Golden Palace Chinese ,Chinese,28,3.5,3,7,4,0,2,3.5,4.5,3.5,
Riyadh,Al Balad Lebanese ,Lebanese,11,3.5,5,6,4,2,2,3.5,3.5,3.5,
Riyadh,Big Smoke Burger,Fast Food,74,3,2,5,4,4,2,3.5,3.5,2.5,
Riyadh,Indian Island ,Indian,25,3.5,4,3,4,4,1,3.5,3,3,
Riyadh,Benihana,Japanese,11,4,43,61,3,26,5,4,4,3.5,
Riyadh,The Villa ,Asian,7,4,20,28,3,5,3,4.5,4,4.5,
Riyadh,Smash Burger riyadh,American,3,4,15,27,3,10,1,3.5,3.5,3,
Riyadh,Veri Peri,Barbecue,8,3.5,15,20,3,12,4,4,3.5,3.5,
Riyadh,Baalbek ,Lebanese,8,4,11,20,3,6,0,4,4,4,
Riyadh,The Grill,Steakhouse,30,4,24,18,3,6,1,5,4.5,4,
Riyadh,Mayrig Riyadh,Mediterranean,3,4,22,18,3,5,0,4.5,4.5,4,
Riyadh,La Ristica Pizzeria,Italian,1,4,36,17,3,2,8,3,3,3,
Riyadh,Yamal asham,Lebanese,12,3.5,3,15,3,4,4,4,4,4,
Riyadh,Mosaic Mediterranean ,Italian,4,4,25,15,3,7,6,4,4,3.5,
Riyadh,Nino,Italian,2,4,18,15,3,12,3,4.5,4.5,3.5,
Riyadh,Cipriani,Italian,59,4,22,11,3,3,2,4.5,4.5,3.5,
Riyadh,Shezan Indian ,Indian,7,3.5,5,10,3,11,2,3.5,3.5,3,
Riyadh,56th Avenue Diner,American,37,4.5,60,7,3,2,3,4,4.5,3.5,
Riyadh,The Pampa Grill,Latin,6,4.5,24,5,3,3,2,5,5,4,
Riyadh,Zafran Indian Bistro ,Indian,13,5,680,40,2,14,2,4.5,4.5,4, Rubeen Plaza
Riyadh,TopKapi,Mediterranean,13,4,29,39,2,4,3,4.5,4.5,4,
Riyadh,Elements â€“ Four Seasons Hotel Riyadh at Kingdom Centre,International,10,4.5,79,36,2,10,6,4.5,4.5,4,
Riyadh,Texas de Brazil,Steakhouse,8,4,47,25,2,7,7,4.5,4.5,4.5,
Riyadh,Steak House,Steakhouse,57,4,20,24,2,11,3,4,4,3.5,
Riyadh,Zafran Indian Bistro ,Indian,20,5,613,24,2,7,2,4.5,4.5,4, Turki Square
Riyadh,Zaatar W Zeit Tahlia Store,Lebanese,2,4,19,21,2,8,4,4.5,4.5,4,
Riyadh,Lenotre,Cafe,6,4,12,20,2,7,4,4,3.5,3,
Riyadh,Hong ,Chinese,5,4.5,94,15,2,2,3,4.5,5,4,
Riyadh,Kababji Grill Exit 5,Lebanese,2,3.5,3,15,2,10,1,3.5,3.5,3,
Riyadh,Serafina Italian ,Italian,13,4,17,14,2,6,0,4.5,4.5,3.5,
Riyadh,Canton,Chinese,75,3.5,8,13,2,8,10,4,4,4,
Riyadh,Al Bustan ,International,27,4,19,13,2,8,2,4,4,3.5,
Riyadh,Al Reef Al Lebnani,Mediterranean,3,4,13,12,2,7,2,4.5,4.5,4.5,
Riyadh,Panino's ,Italian,7,3.5,1,11,2,1,0,3.5,3,3,
Riyadh,Indian Hut,Indian,37,4,19,10,2,11,1,4,4,4,
Riyadh,Al Sayad Seafood Place,Lebanese,13,4,8,10,2,3,1,4,4,3.5,
Riyadh,Al Shurfa ,Barbecue,5,3.5,3,10,2,3,3,3.5,3.5,3.5,
Riyadh,Cafe Blanc,Lebanese,8,3.5,5,9,2,1,3,4.5,4,4,
Riyadh,AL Hayat ,Indian,38,3,4,8,2,6,5,4,4,4,
Riyadh,Set Al Sham,Middle Eastern,3,3.5,5,8,2,4,1,3.5,4,3,
Riyadh,Hualan,Chinese,135,4.5,25,7,2,4,2,4,4.5,3.5,
Riyadh,Applebee's Riyadh ! Al Nakheel Distrect,American,13,3.5,5,6,2,0,3,4,4,3.5,
Riyadh,Where East Meets West,Asian,12,4,6,6,2,1,1,4,4.5,3.5,
Riyadh,Brisket,Steakhouse,5,3.5,7,6,2,4,3,0,0,0,
Riyadh,The Lebanese Corner,Lebanese,14,3.5,1,5,2,6,1,3.5,3,3,
Riyadh,Azkadenya KSA,Arabic,5,3.5,5,5,2,2,0,0,0,0,
Riyadh,Kudu,Fast Food,1,3.5,4,5,2,4,1,3.5,3.5,3.5,
Riyadh,Bistro Chino,Chinese,207,4.5,14,4,2,0,1,0,0,0,
Riyadh,Al Forno,Italian,6,4,2,4,2,2,0,4,3,3.5,
Riyadh,Indian Style,Indian,5,4,9,4,2,3,1,4.5,4,4,
Riyadh,Avocado,Italian,4,3.5,4,4,2,1,3,4,4,3,
Riyadh,Maestro Pizza,Italian,2,4,3,4,2,2,1,4,4,4,
Riyadh,Circle CafÃ© (Riyadh),Cafe,1,3,0,4,2,5,1,0,0,0,
Riyadh,Saffron,Indian,170,3,0,3,2,3,1,3,3,3,
Riyadh,BurgerFuel Talateen Riyadh,Fast Food,13,3.5,3,3,2,2,1,3,3,2.5,
Riyadh,Gate of Jazeera Palace,Asian,12,4,7,3,2,1,1,0,0,0,
Riyadh,Kyokusen Sushi Boutique,Japanese,2,4,2,3,2,0,0,0,0,0,
Riyadh,Brasserie,French,2,4.5,13,2,2,1,2,4,4,3.5,
Riyadh,Albahsaly,Lebanese,2,3.5,0,2,2,3,0,0,0,0,
Riyadh,Shah Rukh Khan,Asian,1,3.5,2,2,2,3,0,3.5,3.5,3,
Riyadh,Wagyu burger,American,1,3.5,2,2,2,0,0,0,0,0,
Riyadh,Ketchup,American,395,3,0,1,2,3,2,3.5,3.5,0,
Riyadh,New York Fries,American,393,3,1,1,2,1,2,0,0,0,
Riyadh,Lusin,Armenian,66,3,4,1,2,1,3,0,0,0,
Riyadh,Noodle Box,Chinese,22,3.5,1,1,2,3,1,0,0,0,
Riyadh,Shikara,Indian,9,3.5,3,1,2,2,1,0,0,0,
Riyadh,Cello,Italian,5,4,8,1,2,0,1,0,0,0,
Riyadh,Cristal,French,3,4,3,1,2,0,0,4,4,3.5,
Riyadh,Riyadh Chinese ,Chinese,10,4,29,26,1,20,4,4,4,3.5,
Riyadh,Korean Palace,Japanese,1819,4,15,22,1,15,0,4.5,4.5,3.5,
Riyadh,P.F. Chang's,Chinese,19,3.5,11,17,1,3,7,4,4,3.5,
Riyadh,Laduree,French,6,4,22,17,1,5,5,4.5,4.5,4,
Riyadh,Le Cafe Lenotre,French,2,4,13,17,1,9,2,3.5,3.5,3,
Riyadh,Karam Beirut,Lebanese,34,4,14,16,1,8,0,4,3.5,3.5,
Riyadh,Al Tazaj Chicken,Fast Food,15,4,9,16,1,5,1,4,3.5,4,
Riyadh,Appetit Kitchen,French,45,4,19,15,1,2,3,4,4,3.5,
Riyadh,Lahori Khabay,Pakistani,9,3.5,11,15,1,11,7,3.5,3.5,3.5,
Riyadh,Alnadeg,Middle Eastern,2,4,5,15,1,3,1,4.5,4,4,
Riyadh,Subway,American,10,4,9,13,1,7,0,4,4,3.5,
Riyadh,Zafran Indian Bistro ,Indian,8,5,297,13,1,3,1,5,4.5,4.5, Levels Mall
Riyadh,Romano's Macaroni Grill,Italian,6,4,10,13,1,3,3,4,4,3.5,
Riyadh,Porterhouse,Steakhouse,2,4,16,13,1,2,2,4,4,3.5,
Riyadh,Outback Steakhouse ,American,99,4.5,22,11,1,4,1,4.5,4.5,3.5, Qurtuba Plaza
Riyadh,Fatburger & Buffalo's Express,American,56,3.5,4,10,1,6,6,3.5,3.5,3,
Riyadh,Nando's,International,10,5,227,9,1,4,4,0,0,0,
Riyadh,Kosebasi,Turkish,4,3.5,5,9,1,8,1,3.5,4,3.5,
Riyadh,Al Mas ,Indian,24,3.5,6,8,1,3,4,3.5,3.5,4,
Riyadh,Agus,Japanese,11,4,12,8,1,2,2,4.5,4,4,
Riyadh,Da Pino,Italian,7,4,5,8,1,1,0,4,4,3.5,
Riyadh,Al Majlis Al Khaleeji ,Middle Eastern,6,4,8,8,1,1,0,4,4,3.5,
Riyadh,Steak House,Steakhouse,5,4,4,8,1,2,1,4,4,4,
Riyadh,Century Burger,Fast Food,18,4,3,7,1,3,0,0,0,0,
Riyadh,Sultana ,Moroccan,143,4.5,16,6,1,2,0,4,4,3.5,
Riyadh,Grill It,Fast Food,20,4,11,6,1,3,1,4.5,4,3.5,
Riyadh,Big Chefs,Turkish,14,3.5,4,6,1,2,2,4,4.5,3,
Riyadh,Tandoor ,Indian,12,3.5,1,6,1,5,1,0,0,0,
Riyadh,Julia's ,Italian,6,4,4,6,1,1,1,0,0,0,
Riyadh,Toki ,Chinese,5,4.5,12,6,1,2,0,4.5,4.5,4.5,
Riyadh,Hardees,Fast Food,98,3,2,5,1,4,7,3,3,3,
Riyadh,360 Shawarma,Middle Eastern,16,3.5,2,5,1,2,0,4.5,4,3.5,
Riyadh,Ammouneh,Lebanese,12,4,0,5,1,1,0,0,0,0,
Riyadh,Piatto,Italian,10,4,6,5,1,1,0,4.5,5,4,
Riyadh,Bistro by Tao,Cafe,5,4,3,5,1,3,1,0,0,0,
Riyadh,Lamis,Lebanese,2,4,8,5,1,0,2,0,0,0,
Riyadh,Beeves Burger & Steakhouse,Steakhouse,23,4,1,4,1,2,0,0,0,0,
Riyadh,Flavours All Day Dining,International,11,4.5,19,4,1,2,1,4,4.5,3.5,
Riyadh,Al Zalal ,Indian,9,4,4,4,1,0,0,4.5,4.5,4.5,
Riyadh,Malaz ,Asian,9,3.5,3,4,1,8,0,4,4.5,4.5,
Riyadh,Amohamza,Seafood,6,4,3,4,1,1,0,4,4,3.5,
Riyadh,Golden Salmon ,Chinese,6,4,2,4,1,1,0,0,0,0,
Riyadh,SushiArt Tahlia,Japanese,3,3.5,8,4,1,4,2,3,3.5,2.5,
Riyadh,Gala Steak Inn,Steakhouse,2,4,8,4,1,4,2,4,5,4,
Riyadh,Bangkok,Thai,98,3.5,0,3,1,1,1,3.5,4,4,
Riyadh,Pizza Hut,Pizza,77,3.5,0,3,1,0,0,0,0,0,
Riyadh,saffron Indian olaya,Indian,67,3.5,2,3,1,3,1,2.5,3.5,2.5,
Riyadh,Sheikh Mandi ,Middle Eastern,41,3.5,0,3,1,0,1,0,0,0,
Riyadh,Wagamama,Asian,30,3.5,6,3,1,4,4,0,0,0,
Riyadh,Pizza Hut,Pizza,30,3.5,1,3,1,1,0,0,0,0,
Riyadh,The Breakfast Club,American,25,4,3,3,1,0,0,0,0,0,
Riyadh,Fajita Avenue,Mexican,19,3.5,4,3,1,2,1,4,4,3.5,
Riyadh,Uskudar Steak House,Steakhouse,16,3.5,4,3,1,0,2,0,0,0,
Riyadh,Zouq Mughal ,Pakistani,14,3.5,4,3,1,2,2,4,3.5,4,
Riyadh,Antica Roma,Italian,13,4,3,3,1,0,0,4.5,4,4,
Riyadh,Yauatcha Riyadh,Chinese,12,5,22,3,1,0,0,0,0,0,
Riyadh,Gulf Royal Chinese ,Chinese,0,4.5,10,3,1,2,0,4,4,3,
Riyadh,Pizza Hut,Pizza,177,3,0,2,1,3,0,0,0,0,
Riyadh,Red Spoon,Moroccan,79,3,1,2,1,2,0,2,3,3,
Riyadh,Catch22,American,14,4,8,2,1,2,1,0,0,0,
Riyadh,Wild Thyme ,Italian,14,3.5,2,2,1,2,0,0,0,0,
Riyadh,Sushi Centro ,Japanese,9,4,3,2,1,1,0,0,0,0, Centro Waha
Riyadh,Mooyah,American,9,4,3,2,1,1,0,0,0,0,
Riyadh,il Fornaretto,Italian,8,4,2,2,1,0,1,0,0,0,
Riyadh,Pastalita,Pizza,7,4,1,2,1,2,0,3.5,3,3.5,
Riyadh,Charcoza,American,5,4.5,8,2,1,1,0,0,0,0,
Riyadh,Durrat China,Chinese,3,3.5,2,2,1,1,1,0,0,0,
Riyadh,Taji ,Indian,3,2.5,0,2,1,1,3,2,2,2, Indian 
Riyadh,c.taste ,International,0,3.5,4,2,1,0,2,0,0,0, Centro Waha
Riyadh,White Garden Cafe,Middle Eastern,0,4,0,2,1,0,0,0,0,0,
Riyadh,Sheraton Four Points,International,772,3,0,1,1,1,1,4.5,4,3.5,
Riyadh,Dekan Chapati,Indian,166,3,0,1,1,0,0,0,0,0,
Riyadh,Belo ,Italian,110,3,0,1,1,1,0,0,0,0,
Riyadh,Pizza Hut,Pizza,93,3,0,1,1,1,0,0,0,0,
Riyadh,Nobu Riyadh ,Japanese,28,4.5,19,1,1,1,2,0,0,0,
Riyadh,Doner House,Turkish,22,3.5,1,1,1,2,0,3.5,3,3,
Riyadh,Dish,American,20,4,5,1,1,1,0,4,4,3.5,
Riyadh,Shake Shack,Seafood,19,3.5,0,1,1,2,0,0,0,0,
Riyadh,Chimney Bistro,European,13,4,6,1,1,0,0,0,0,0,
Riyadh,Bagel Brothers ,American,9,4,6,1,1,2,0,0,0,0, Sandwich 
Riyadh,The Mansion,International,8,4,9,1,1,3,0,4.5,5,4.5,
Riyadh,Unique Barbeque,Italian,8,4,6,1,1,1,1,0,0,0,
Riyadh,Pizza Hut,Pizza,7,3.5,0,1,1,3,0,0,0,0,
Riyadh,Wildfire,Brazilian,6,4.5,15,1,1,1,1,0,0,0,
Riyadh,Soho Club,American,5,4.5,12,1,1,1,1,4.5,5,4.5,
Riyadh,Charcoza Grill,American,5,4.5,4,1,1,0,0,4.5,4,3,
Riyadh,"David Burke , Cafe & Lounge",International,4,4,5,1,1,2,1,0,0,0,
Riyadh,Lai Lai,Chinese,2,3.5,0,1,1,2,1,3,3.5,3,
Riyadh,Eggs and Flour,Italian,0,3,0,1,1,0,0,0,0,0,
Riyadh,Avindar Cafe,International,1238,2.5,0,0,1,0,1,0,0,0,
Riyadh,Opaline,Lebanese,577,2.5,0,0,1,1,0,0,0,0,
Riyadh,Montreux,Italian,526,2.5,1,0,1,0,1,0,0,0,
Riyadh,Rolllands Coffee,Cafe,137,2.5,0,0,1,1,0,0,0,0,
Riyadh,Dr. Cafe Coffee Qurtubah,Cafe,119,3.5,1,0,1,1,0,0,0,0,
Riyadh,Karam Beirut Riyadh North,Lebanese,103,3,1,0,1,0,1,0,0,0,
Riyadh,Pizza Hut,Pizza,29,3.5,0,0,1,0,0,0,0,0,
Riyadh,Dominoâ€™s Pizza,American,27,3,0,0,1,1,1,0,0,0,
Riyadh,Salad Boutique,International,19,3.5,1,0,1,1,0,0,0,0,
Riyadh,Over Jar Cafe,Cafe,17,4,1,0,1,0,0,0,0,0,
Riyadh,Pizza Hut,Fast Food,13,4,0,0,1,0,0,0,0,0,
Riyadh,Burj Al Hamam Bistro ,Lebanese,12,4.5,7,0,1,0,0,0,0,0, Riyadh Front
Riyadh,Arena Cafe,Italian,9,4,0,0,1,1,0,0,0,0,
Riyadh,Meraki Riyadh,Greek,8,3.5,3,0,1,0,2,0,0,0,
Riyadh,DÃ©licieuse CrÃªpe,French,6,4.5,8,0,1,0,0,4.5,0,0,
Riyadh,Uknown,Mediterranean,5,4.5,4,0,1,0,0,0,0,0,
Riyadh,BILLIONAIRE RIYADH,Italian,1,4,5,0,1,1,1,0,0,0,
Riyadh,L'ETO Caffe KSA,Cafe,0,3.5,2,0,1,0,1,0,0,0,
Riyadh,Pizza Hut,Pizza,0,3.5,0,0,1,0,0,0,0,0,
Riyadh,Pizza Hut,Fast Food,0,2.5,0,0,1,0,0,0,0,0,
Riyadh,Eataly,Italian,5,4,56,47,0,19,8,4,4,4,
Riyadh,Pizza Roma,Italian,2,4,22,21,0,8,2,4.5,4.5,4,
Riyadh,Garden Barbecue,Barbecue,8,4,15,19,0,5,2,4,4.5,3.5,
Riyadh,Yummy Wok,Chinese,4,4,5,16,0,5,2,4,4,4,
Riyadh,Tugra,Barbecue,10,4.5,67,15,0,4,2,4.5,4.5,3.5,
Riyadh,Texas Roadhouse,American,2,4,18,15,0,5,2,4,4.5,4,
Riyadh,Off White  & Lounge,Mediterranean,3,4.5,23,14,0,1,3,4.5,4.5,4,
Riyadh,The Butcher Shop and Grill,Steakhouse,10,4.5,25,13,0,3,2,4.5,4.5,4,
Riyadh,Taste of Dilli ,Indian,4,4,17,13,0,7,1,5,4.5,4.5,
Riyadh,Paul  & Bakery,Cafe,19,4.5,7,12,0,0,0,4.5,4,4,
Riyadh,Okku,Japanese,4,5,67,12,0,1,1,4.5,5,4.5,
Riyadh,Shawaya House,Middle Eastern,4,4,7,12,0,4,3,4,3.5,4,
Riyadh,Gad,Barbecue,22,3.5,9,11,0,3,1,4,3.5,4,
Riyadh,Anardana Indian ,Indian,50,4.5,16,10,0,1,1,4.5,4.5,4,
Riyadh,Shrimplus,Seafood,2,4,13,10,0,2,1,4,4.5,3.5,
Riyadh,Golden Dragon Chinese ,Chinese,2,4,10,10,0,3,2,4.5,4.5,4.5,
Riyadh,Il Gabbiano,Italian,2,4,10,10,0,6,0,4,4,3.5,
Riyadh,Chateau Marrakech riyadh,Moroccan,0,4,13,10,0,5,1,4.5,4,4,
Riyadh,Golden Lobster ,Seafood,0,4,6,10,0,2,1,4,4,4,
Riyadh,Sholay,Indian,4,4,6,9,0,2,1,4.5,4.5,4,
Riyadh,Paragon,Indian,2,3.5,13,9,0,6,5,3.5,3.5,3.5,
Riyadh,Bab Tuma,Middle Eastern,31,4,10,8,0,0,1,4.5,4.5,4.5,
Riyadh,Operation Falafel,Arabic,26,4.5,11,8,0,2,0,0,0,0,
Riyadh,The Yellow Chilli,Indian,15,4,5,7,0,0,1,4,4,3.5,
Riyadh,Maward ,Eastern European,9,4.5,6,7,0,1,0,0,0,0,
Riyadh,Emirgan Sutis,Turkish,6,3.5,3,7,0,2,2,0,0,0,
Riyadh,Burgerizzer,Fast Food,4,4,2,7,0,2,0,0,0,0,
Riyadh,Cilicia,Lebanese,3,4.5,13,7,0,3,1,4,4,3.5,
Riyadh,Classic,Asian,3,4.5,3,7,0,1,0,4.5,4,4.5,
Riyadh,Farzi Cafe,Indian,0,4.5,33,7,0,3,1,5,5,5,
Riyadh,Finzione da Pizza,Italian,320,4.5,13,6,0,1,0,5,4.5,4.5,
Riyadh,La Brasserie,International,251,5,72,6,0,0,0,4.5,5,4.5,
Riyadh,Turnstone Pizza,Pizza,122,4.5,28,6,0,1,1,0,0,0,
Riyadh,Shayah Iranian ,Middle Eastern,24,3.5,2,6,0,4,2,3.5,3.5,0,
Riyadh,Le Gourmet Burger,Canadian,8,3.5,3,6,0,1,2,3.5,0,0,
Riyadh,Alkofeia,Middle Eastern,6,4,10,6,0,1,2,0,0,0,
Riyadh,Palmeras,Mediterranean,2,4,8,6,0,5,0,4,4,3.5,
Riyadh,Cafe Bateel ,Cafe,42,4.5,15,5,0,0,0,4.5,4.5,4, Olaya Towers
Riyadh,Indian Summer,Chinese,21,4,4,5,0,5,1,4,4.5,3.5,
Riyadh,Burgeronomy,Fast Food,15,4,9,5,0,1,2,4.5,4.5,4,
Riyadh,Oregano Pizzeria,Italian,14,4.5,7,5,0,1,0,4,4,4,
Riyadh,Farouj Al Carawan ,Turkish,9,4,3,5,0,3,1,3.5,3.5,3.5,
Riyadh,Manqosha,Fast Food,7,4,5,5,0,0,1,4,3.5,3.5,
Riyadh,Flamingo ,Lebanese,4,4,11,5,0,2,1,4,4.5,4,
Riyadh,"Olea Cafe, Kitchen & Lounge",International,4,4,1,5,0,2,0,3.5,4.5,3,
Riyadh,Mozart ,Seafood,3,4,3,5,0,0,1,4,4.5,4,
Riyadh,SHiRO,Japanese,2,4.5,10,5,0,0,1,4.5,4,4,
Riyadh,Primi,Italian,2,3.5,5,5,0,3,0,3.5,4,3.5,
Riyadh,Azure ,SpanishSpecial ,0,5,148,5,0,4,1,4.5,5,4,
Riyadh,Pizza Hut,Fast Food,49,4,0,4,0,1,0,0,0,0,
Riyadh,Pizza Hut,Pizza,31,4,2,4,0,0,1,0,0,0,
Riyadh,Margherita,Italian,20,4.5,3,4,0,0,0,0,0,0,
Riyadh,Teatro,International,19,4,5,4,0,0,2,0,0,0,
Riyadh,Fiamma,Italian,18,4.5,6,4,0,0,0,0,0,0,
Riyadh,Nando's Granada Mall,Healthy,14,5,48,4,0,0,1,0,0,0,
Riyadh,Mikado House,Turkish,12,4,1,4,0,0,0,4.5,4,4,
Riyadh,Verdure ,European,11,3.5,7,4,0,1,2,0,0,0,
Riyadh,Pick n Bake Cafe,Cafe,11,4.5,3,4,0,0,0,0,0,0,
Riyadh,Marble Slab Creamery,Fast Food,9,4.5,4,4,0,0,0,4.5,4.5,4,
Riyadh,Cakery Shop,French,9,4,3,4,0,0,1,0,0,0,
Riyadh,Mado,Turkish,8,4,8,4,0,0,1,0,0,0,
Riyadh,Cioccolat Italiani,Italian,8,4,5,4,0,2,0,4.5,4,3.5,
Riyadh,Avindar Cafe,International,6,3.5,1,4,0,0,2,0,0,0,
Riyadh,Harat ,Lebanese,5,4.5,12,4,0,0,0,0,0,0,
Riyadh,Maharaja Palace,Chinese,4,4.5,7,4,0,0,0,4,4,0,
Riyadh,Anthurium,Japanese,3,4.5,11,4,0,1,0,4.5,4.5,3,
Riyadh,Piatto,Italian,3,4,10,4,0,2,0,0,0,0,
Riyadh,Wadek,Arabic,1,4,2,4,0,0,0,0,0,0,
Riyadh,Yellow Cab Pizza,Italian,1,3.5,1,4,0,5,0,3.5,3.5,4,
Riyadh,Nando's Granada Mall,Healthy,0,5,48,4,0,0,1,0,0,0,
Riyadh,Delish Bakery ,Cafe,0,4.5,5,4,0,1,0,4.5,4.5,3.5,
Riyadh,Cento Per Cento,Italian,51,3.5,5,3,0,1,2,0,0,0,
Riyadh,Rosemary ,Italian,49,4,0,3,0,0,0,0,0,0,
Riyadh,Cafune,International,37,4,4,3,0,1,1,0,0,0,
Riyadh,La Villa,Italian,34,4,3,3,0,1,0,4,3.5,4,
Riyadh,Pizza Hut,Pizza,32,4,0,3,0,1,0,0,0,0,
Riyadh,Steaky,Steakhouse,29,3.5,1,3,0,6,0,3.5,3.5,2.5,
Riyadh,L'Olimpo,Italian,27,4,0,3,0,1,0,0,0,0,
Riyadh,Ward ,Lebanese,19,4.5,4,3,0,0,0,0,0,0,
Riyadh,Joe's Cafe,Cafe,18,3.5,1,3,0,4,2,3,3,2,
Riyadh,Wasabi ,Japanese,13,5,32,3,0,1,1,0,0,0,
Riyadh,Salmon,Seafood,12,4,0,3,0,2,0,3,3,2.5,
Riyadh,Amaly,Indian,11,4.5,13,3,0,2,1,5,5,4,
Riyadh,Naya Modern Lebanese Cuisine,Lebanese,11,4,6,3,0,1,0,4,4.5,3.5,
Riyadh,Vapiano,Italian,11,4,3,3,0,4,0,0,0,0,
Riyadh,Beyzade,Turkish,10,5,11,3,0,0,0,0,0,0,
Riyadh,Kaboria Seafood,Seafood,9,3.5,2,3,0,1,0,0,0,0,
Riyadh,Spice Village,Pakistani,7,4,6,3,0,2,1,0,0,0,
Riyadh,Cioccolatitaliani,Italian,6,4,2,3,0,1,0,4.5,4,4,
Riyadh,Le Grenier Ã  Pain,French,5,4.5,8,3,0,0,0,0,0,0,
Riyadh,Ekleel,Lebanese,5,4.5,5,3,0,0,0,0,0,0,
Riyadh,Pizza Fusion,Pizza,5,3.5,0,3,0,2,0,4,4,3,
Riyadh,Al,International,5,3.5,0,3,0,2,0,3.5,3,3.5,Shurafa
Riyadh,Molten Chocolate Cafe,French,5,4,0,3,0,0,0,0,0,0,
Riyadh,LadurÃ©e Riyadh Panorama Mall,French,4,4.5,5,3,0,2,0,0,0,0,
Riyadh,Le d'Or,Italian,4,4,2,3,0,1,1,0,0,0,
Riyadh,Italian House,Italian,3,4,9,3,0,1,1,4,4.5,4,
Riyadh,Sultani Steakhouse,Steakhouse,1,4.5,2,3,0,1,0,4.5,4.5,4,
Riyadh,El,Mediterranean,1,4,2,3,0,0,0,0,0,0,Feshawy
Riyadh,Chili's,Steakhouse,1,4,1,3,0,0,1,0,0,0,
Riyadh,Copper Chandni,Indian,1,3.5,0,3,0,5,1,3.5,3.5,3,
Riyadh,Pizza Hut,Fast Food,1,4,0,3,0,1,0,0,0,0,
Riyadh,Shakespeare and Co.,International,0,4.5,13,3,0,3,1,4.5,4.5,4,
Riyadh,Applebee's,American,117,4,1,2,0,1,0,0,0,0,
Riyadh,Pizza Hut,Pizza,101,3,1,2,0,3,2,0,0,0,
Riyadh,Pizza Hut,Pizza,72,4,0,2,0,0,0,0,0,0,
Riyadh,Pizza Hut,Pizza,63,4,0,2,0,0,0,0,0,0,
Riyadh,Beetroot  and Cafe,Bar,62,3.5,0,2,0,1,0,0,0,0,
Riyadh,Pizza Hut,Pizza,56,3.5,0,2,0,1,0,0,0,0,
Riyadh,Bahrya ,Seafood,47,3,1,2,0,3,0,4,3,3.5,
Riyadh,Bianca  Pizzeria,Italian,47,4.5,0,2,0,0,0,0,0,0,
Riyadh,Pizza Hut,Pizza,45,4,0,2,0,0,0,0,0,0,
Riyadh,Pizza Hut,Fast Food,39,4,0,2,0,0,0,0,0,0,
Riyadh,China Gate,Chinese,28,3.5,1,2,0,4,0,3.5,4,3.5,
Riyadh,Nando's,African,27,5,103,2,0,1,1,5,4.5,4.5,
Riyadh,Mahboob Shawarma,Fast Food,27,4.5,1,2,0,0,0,0,0,0,
Riyadh,Crown Garden,Indian,26,4.5,3,2,0,1,0,0,0,0,
Riyadh,"Venchi Cioccolato e Gelato, Riyadh @ Eataly",Italian,22,3.5,0,2,0,1,0,0,0,0,
Riyadh,Aleppo ,Middle Eastern,21,4.5,1,2,0,0,0,0,0,0,
Riyadh,Wok to Walk,Asian,21,3.5,0,2,0,3,0,0,0,0,
Riyadh,Pizza Hut,Pizza,20,4,1,2,0,0,0,0,0,0,
Riyadh,Burger King,American,17,3.5,3,2,0,3,1,3.5,4,3.5,
Riyadh,Helens Bakery,American,17,4,1,2,0,0,0,0,0,0,
Riyadh,Spicy Home ,Indian,16,4,1,2,0,1,0,0,0,0,
Riyadh,Bonzai Japanese Grill,Japanese,15,4.5,6,2,0,1,0,0,0,0,
Riyadh,Goodies ,Lebanese,13,4.5,11,2,0,2,2,0,0,0,
Riyadh,Sheraz ,Middle Eastern,13,4,0,2,0,1,0,0,0,0,
Riyadh,Cafe Bateel ,Cafe,12,4.5,4,2,0,0,0,0,0,0, Al Hamra Mall 
Riyadh,Freshii,Healthy,12,4.5,2,2,0,0,0,0,0,0,
Riyadh,Tanjiah ,Moroccan,11,4.5,3,2,0,0,0,0,0,0,
Riyadh,Samakiat ,Seafood,10,4.5,3,2,0,0,0,0,0,0,
Riyadh,Tom Tom,American,10,4.5,1,2,0,0,0,0,0,0,
Riyadh,OKTO,Mediterranean,10,4,0,2,0,0,0,0,0,0,
Riyadh,Hamam Abdoh ,Egyptian,9,4.5,3,2,0,1,0,0,0,0,
Riyadh,Embers,Steakhouse,9,4,1,2,0,0,1,0,0,0,
Riyadh,Pizza Hut,Pizza,8,4,4,2,0,1,0,3.5,3.5,3.5,
Riyadh,Garden ,Chinese,7,4,2,2,0,0,1,0,0,0,
Riyadh,Durrat China s,Chinese,7,3.5,2,2,0,1,2,0,0,0,
Riyadh,Can CafÃ©,Cafe,7,3.5,1,2,0,4,1,0,0,0,
Riyadh,Mooyah Burgers. Fries. Shakes,American,7,4,0,2,0,2,0,0,0,0,
Riyadh,Awani,Arabic,6,4.5,6,2,0,0,0,0,0,0,
Riyadh,Shrimp Shack Ar Rabi,Seafood,6,4,3,2,0,2,0,0,0,0,
Riyadh,Pizza Hut,Pizza,6,4,3,2,0,1,0,0,0,0,
Riyadh,Pizza Hut,Pizza,5,4,2,2,0,1,0,0,0,0,
Riyadh,Ù…Ø·Ø¹Ù… Ø§Ù„ÙØ®Ø§Ø±,Turkish,5,3.5,1,2,0,1,2,3.5,3.5,3,
Riyadh,Baan Thai,Asian,4,4,7,2,0,3,2,4,4,4,
Riyadh,Mizo Eatery,Italian,4,4.5,5,2,0,0,0,4.5,5,4,
Riyadh,Florya Steak Lounge,Steakhouse,4,4.5,4,2,0,1,0,0,0,0,
Riyadh,Russo's Pizzeria,Italian,3,4.5,5,2,0,2,0,4.5,4.5,4,
Riyadh,Darin ,Seafood,3,4,0,2,0,1,0,4,3,4,
Riyadh,Lotus,Chinese,2,5,38,2,0,0,0,0,0,0,
Riyadh,Fly Cafe,Cafe,2,4.5,4,2,0,1,0,0,0,0,
Riyadh,La Casa Pasta,Italian,2,4,1,2,0,1,0,0,0,0,
Riyadh,Uknown,Cafe,2,4,0,2,0,1,0,0,0,0,
Riyadh,Gurkan Sef Steakhouse,Turkish,1,4.5,5,2,0,0,1,0,0,0,
Riyadh,The Cheesecake Factory,American,1,4,3,2,0,0,1,0,0,0,
Riyadh,Pizza Hut,Fast Food,1,4,0,2,0,0,0,0,0,0,
Riyadh,OC Resaurant,French,0,4.5,3,2,0,0,0,0,0,0,
Riyadh,Abou Kamal,Mediterranean,0,3.5,2,2,0,2,2,4,4,4,
Riyadh,Bourj Al Hamam Express,Lebanese,0,4,1,2,0,0,0,0,0,0,
Riyadh,Pizza Hut,Pizza,0,4,0,2,0,0,0,0,0,0,
Riyadh,Buffalo Wings & Rings ,American,1008,2.5,0,1,0,1,1,0,0,0,
Riyadh,Metrolls,Fast Food,759,2.5,0,1,0,1,1,0,0,0,
Riyadh,OPEN ,Indian,233,2.5,0,1,0,0,1,0,0,0,
Riyadh,Le Churro Station,Cafe,174,4,0,1,0,0,0,0,0,0,
Riyadh,Al's Gourmet,International,173,4,0,1,0,0,0,0,0,0,
Riyadh,My makan,Asian,157,4,0,1,0,0,0,0,0,0,
Riyadh,ShawermAddiction,Middle Eastern,143,4.5,1,1,0,0,0,0,0,0,
Riyadh,Mshwyat al maha,Grill,113,4,0,1,0,0,0,0,0,0,
Riyadh,Greem,Cafe,99,3.5,2,1,0,1,1,0,0,0,
Riyadh,Al,Asian,99,4.5,0,1,0,0,0,0,0,0,Hamra 
Riyadh,Cafe et Dessert,Italian,98,4,0,1,0,0,0,0,0,0,
Riyadh,Zafran,Indian,98,4,0,1,0,0,0,0,0,0,
Riyadh,Suhail,Middle Eastern,95,4.5,21,1,0,1,0,5,4.5,4.5,
Riyadh,Al Mahar Addahabi Fish ,Seafood,91,4,0,1,0,0,0,0,0,0,
Riyadh,Abu Jabara,Arabic,89,4,0,1,0,0,0,0,0,0,
Riyadh,Agus,Japanese,88,4.5,1,1,0,0,0,0,0,0,
Riyadh,Lion Cofee,American,75,3.5,0,1,0,1,0,0,0,0,
Riyadh,Ca/le/ndar,Cafe,73,3.5,1,1,0,0,1,0,0,0,
Riyadh,Cafe Concerto,Italian,73,4,0,1,0,0,0,0,0,0,
Riyadh,Peninsula Sea Food ,Chinese,70,3,0,1,0,1,1,0,0,0,
Riyadh,Camlica,Turkish,67,4,0,1,0,0,0,0,0,0,
Riyadh,Piquant Pick Home ,Chinese,66,4,0,1,0,0,0,0,0,0,
Riyadh,Pizza Hut,Pizza,62,3.5,0,1,0,2,0,0,0,0,
Riyadh,Mshagith ,Arabic,56,4,0,1,0,1,0,0,0,0,
Riyadh,Pizza Hut,Fast Food,56,4,0,1,0,0,0,0,0,0,
Riyadh,The Page Cafe,Cafe,55,4,0,1,0,0,0,0,0,0,
Riyadh,Beit Al Farrouj,Fast Food,55,4,0,1,0,0,0,0,0,0,
Riyadh,CityWok Al Rakka,Asian,54,2.5,0,1,0,0,0,0,0,0,
Riyadh,Los Angeles Chocolate Bar,Italian,53,4,0,1,0,0,0,0,0,0,
Riyadh,Starbucks,Cafe,53,3.5,0,1,0,0,0,0,0,0,
Riyadh,Taste of Gambari,Seafood,51,4,0,1,0,0,0,0,0,0,
Riyadh,The Hummingbird Bakery,American,49,4,0,1,0,0,0,0,0,0,
Riyadh,Potato and Burger,Mexican,46,4.5,2,1,0,0,0,0,0,0,
Riyadh,McDonald's,Fast Food,44,3.5,0,1,0,0,0,0,0,0,
Riyadh,Pizza Hut,Fast Food,41,4,0,1,0,0,0,0,0,0,
Riyadh,Mateam 6 Sabahaan,Arabic,38,3.5,0,1,0,1,0,0,0,0,
Riyadh,Oasis at Palm Court,Cafe,38,4,0,1,0,0,0,0,0,0,
Riyadh,From Nature,Deli,36,2.5,0,1,0,2,2,0,0,0,
Riyadh,FireGrill,Mexican,35,3.5,0,1,0,1,0,0,0,0,
Riyadh,Golden Chimney ,Chinese,33,5,6,1,0,0,0,5,5,5,
Riyadh,Beir Al Khawajah,Lebanese,31,4,0,1,0,0,0,0,0,0,
Riyadh,Kanafandi,Arabic,30,4.5,2,1,0,1,0,0,0,0,
Riyadh,Mamo Michelangelo,Italian,29,3.5,4,1,0,0,3,0,0,0,
Riyadh,Kimono,Japanese,29,4,2,1,0,0,0,0,0,0,
Riyadh, Le chateau,Seafood,29,4,0,1,0,0,0,0,0,0,
Riyadh,Cafe Bazza,Middle Eastern,29,4,0,1,0,0,0,0,0,0,
Riyadh,IRORI,Japanese,28,4,2,1,0,2,1,0,0,0,
Riyadh,Karak Habitat,European,28,4,0,1,0,0,0,0,0,0,
Riyadh,Chinwa,Chinese,27,3.5,1,1,0,1,1,0,0,0,
Riyadh,Le Vert,International,27,3.5,0,1,0,2,0,0,0,0,
Riyadh,Felzy,International,27,3.5,0,1,0,1,0,0,0,0,
Riyadh,65 Degrees ,Cafe,26,4.5,1,1,0,0,0,0,0,0, Sixtyfivedegrees
Riyadh,Sicilia's Pizza Cuts,Italian,25,4,2,1,0,1,0,0,0,0,
Riyadh,C.Deli ,International,25,4.5,1,1,0,0,0,0,0,0, Centro Waha
Riyadh,The Crepe Cafe,Cafe,25,3.5,1,1,0,2,1,0,0,0,
Riyadh,Bayaz ,Lebanese,25,4,0,1,0,0,0,0,0,0,
Riyadh,PAUL Bakery & ,French,24,5,3,1,0,0,0,0,0,0,
Riyadh,Sama Lounge,International,24,4.5,1,1,0,0,0,0,0,0,
Riyadh,Mekado House,Turkish,22,4,0,1,0,0,0,0,0,0,
Riyadh,Al Saeed ,Lebanese,21,4,1,1,0,0,0,0,0,0,
Riyadh,Kush By Lokal,American,21,4,0,1,0,0,0,0,0,0,
Riyadh,Pesto,Italian,20,4.5,1,1,0,0,0,0,0,0,
Riyadh,Pizza Hut,Pizza,19,3.5,1,1,0,3,0,0,0,0,
Riyadh,Pizza Hut,Fast Food,18,4,1,1,0,1,0,0,0,0,
Riyadh,Uknown,Fast Food,18,3.5,0,1,0,0,0,0,0,0,
Riyadh,Ruhi,Indian,17,4,4,1,0,0,1,0,0,0,
Riyadh,Pizza Hut,Pizza,17,3.5,0,1,0,0,0,0,0,0,
Riyadh,Beirut oven ,Lebanese,16,4,1,1,0,1,0,0,0,0,
Riyadh,Pizza Hut,Pizza,16,4,1,1,0,2,0,0,0,0,
Riyadh,Spread,Steakhouse,16,4,0,1,0,0,0,0,0,0,
Riyadh,Goji Kitchen,International,15,5,7,1,0,0,0,0,0,0,
Riyadh,Chef Maha,Cafe,15,4.5,1,1,0,0,0,0,0,0,
Riyadh,Usta Asim,Lebanese,15,4,0,1,0,0,0,0,0,0,
Riyadh,karak Katti Kabab,Indian,15,4.5,0,1,0,0,0,0,0,0,
Riyadh,Gallery CafÃ©,International,14,5,9,1,0,0,0,0,0,0,
Riyadh,Qasr El Nil,Mediterranean,14,4.5,2,1,0,1,0,0,0,0,
Riyadh,Toastic Bakery,Cafe,13,4.5,2,1,0,0,0,0,0,0,
Riyadh,Annabella Saudi,Italian,12,5,2,1,0,0,0,0,0,0,
Riyadh,Roma Cafe,Italian,11,4,1,1,0,0,0,0,0,0,
Riyadh,Give Me Five,Lebanese,10,4.5,6,1,0,0,0,0,0,0,
Riyadh,Tomahawk,American,10,4,1,1,0,2,0,4,3.5,3.5,
Riyadh,Pasta Delizia,Italian,10,3.5,0,1,0,1,0,0,0,0,
Riyadh,Le Dorma,French,10,4,0,1,0,0,0,0,0,0,
Riyadh,Mexika,Mexican,9,4.5,2,1,0,0,0,0,0,0,
Riyadh,Crust Corner Patisserie,Healthy,9,4.5,2,1,0,0,0,0,0,0,
Riyadh,Koshary Express,Mediterranean,9,3.5,1,1,0,2,0,0,0,0,
Riyadh,Palm Coffee Riyadh,Arabic,9,4,0,1,0,0,0,0,0,0,
Riyadh,Paul,French,8,4.5,4,1,0,0,0,0,0,0,
Riyadh,Tammra Lounge,Cafe,8,5,3,1,0,0,0,0,0,0,
Riyadh,Ristorante Pizzeria Il Fornaretto,Italian,7,4.5,6,1,0,1,0,4,4,3.5,
Riyadh,Anaqa ,Middle Eastern,7,5,3,1,0,0,0,0,0,0,
Riyadh,Golden Yellow Indian ,Indian,7,4,2,1,0,2,0,4,4.5,4,
Riyadh,Petek,Turkish,7,4.5,2,1,0,0,0,0,0,0,
Riyadh,Islas Resto & Grill,Filipino,7,4.5,2,1,0,0,0,0,0,0,
Riyadh,Pan Breeza Lounge,Cafe,7,4,1,1,0,0,0,0,0,0,
Riyadh,YummyWok,Asian,7,4,1,1,0,1,0,0,0,0,
Riyadh,Belo,Middle Eastern,7,4,0,1,0,0,0,0,0,0,
Riyadh,Koppa,Italian,6,4,3,1,0,0,0,0,0,0,
Riyadh,Cabana Brasilian ,Brazilian,6,4.5,2,1,0,0,0,0,0,0,
Riyadh,Pizza Hut,Pizza,6,4,0,1,0,3,0,0,0,0,
Riyadh,Alsaaj Alreefi,Fast Food,6,4,0,1,0,0,0,0,0,0,
Riyadh,Blaze Pizza,Pizza,5,4,4,1,0,0,1,0,0,0,
Riyadh,Dunkinâ€™Donuts,American,5,3.5,3,1,0,2,0,0,0,0,
Riyadh,Meatin Grill's Korean Bbq House,Barbecue,5,4.5,2,1,0,0,0,0,0,0,
Riyadh,Cafe Tale,Cafe,5,4.5,1,1,0,0,0,0,0,0,
Riyadh,Em Sherif Cafe,Lebanese,4,4.5,12,1,0,1,0,0,0,0,
Riyadh,Gold Sushi Club,Japanese,4,4.5,7,1,0,1,0,0,0,0,
Riyadh,BBQ Tonight Riyadh,Pakistani,3,5,4,1,0,0,0,0,0,0,
Riyadh,Texas Chicken,American,3,3.5,3,1,0,2,1,0,0,0,
Riyadh,Mama noura,Fast Food,3,4.5,1,1,0,0,0,0,0,0,
Riyadh,Brew Crew,Cafe,3,4.5,1,1,0,0,0,0,0,0,
Riyadh,Oishii Sushi,Japanese,3,4.5,0,1,0,0,0,0,0,0,
Riyadh,Walton Street Scalini Riyadh,Italian,2,4,9,1,0,1,2,0,0,0,
Riyadh,Gontran Cherrier,French,2,3.5,3,1,0,1,2,0,0,0,
Riyadh,Burger King,American,2,4.5,1,1,0,0,0,0,0,0,
Riyadh,Quick Bites,International,1,5,4,1,0,0,0,0,0,0,
Riyadh,Signature Juice Factory,International,1,4,2,1,0,2,2,0,0,0,
Riyadh,Kahwet Azmi,Lebanese,1,4.5,1,1,0,0,0,0,0,0,
Riyadh,Ben's Cookies,Cafe,1,4,1,1,0,0,0,0,0,0,
Riyadh,Pizza Hut,Pizza,1,4,0,1,0,0,0,0,0,0,
Riyadh,Piatto,Italian,0,4.5,5,1,0,0,0,0,0,0,
Riyadh,Myfish,Seafood,0,4,3,1,0,1,2,4.5,3.5,4,Samakatee
Riyadh,Pizza Hut,Pizza,0,3.5,1,1,0,1,1,0,0,0,
Riyadh,Chamonix Cafe,Cafe,0,3.5,0,1,0,0,1,0,0,0,
Riyadh,Nook Cafe,Cafe,0,4,0,1,0,0,0,0,0,0,
Riyadh,La Rustica Pizzeria,Italian,880,1,0,0,0,0,5,1,1,1,
Riyadh,Falafel Dam,Arabic,640,2.5,0,0,0,0,1,0,0,0,
Riyadh,Felzy Lounge,International,395,3,1,0,0,1,1,0,0,0,
Riyadh,Crazy Pizza Saudi,Italian,384,1,0,0,0,0,1,0,0,0,
Riyadh,Paul,Cafe,284,2,0,0,0,1,0,0,0,0,
Riyadh,La Rustica Terraza,Italian,252,1,0,0,0,0,1,0,0,0,
Riyadh,Wavyice,American,232,5,1,0,0,0,0,0,0,0,
Riyadh,LPM  & CafÃ©,French,183,2.5,1,0,0,0,2,0,0,0,
Riyadh,Abyan ,Italian,178,5,1,0,0,0,0,0,0,0,
Riyadh,Grand Lucky Indian ,Indian,162,3,1,0,0,0,1,0,0,0,
Riyadh,La Mode,International,155,3,0,0,0,2,0,0,0,0,
Riyadh,Pizza Hut,Pizza,154,3,0,0,0,1,0,0,0,0,
Riyadh,Yogi,International,147,5,1,0,0,0,0,0,0,0,
Riyadh,Beeves Burger & Steakhouse,Turkish,140,3,0,0,0,1,0,0,0,0,
Riyadh,rbg grill ,American,136,5,1,0,0,0,0,0,0,0,
Riyadh,Desi Tadka  Riyadh,Indian,134,3,0,0,0,2,0,0,0,0,
Riyadh,TAJ Castle ,Indian,110,1,0,0,0,0,1,0,0,0,
Riyadh,Pizza Hut,Pizza,106,3,0,0,0,1,0,0,0,0,
Riyadh,Sbarro,Pizza,98,4.5,2,0,0,1,0,0,0,0,
Riyadh,Chef Alsham ,Middle Eastern,96,5,1,0,0,0,0,0,0,0,
Riyadh,Pizza Hut,Pizza,95,3.5,0,0,0,3,0,0,0,0,
Riyadh,Gourmet Cafe,Cafe,95,3,0,0,0,0,1,0,0,0,
Riyadh,Family Garden s,Italian,94,5,1,0,0,0,0,0,0,0,
Riyadh,Lean Meals,Healthy,93,3,0,0,0,1,0,0,0,0,
Riyadh,Mixburger,Italian,90,5,1,0,0,0,0,0,0,0,
Riyadh,Sisal Fast Food,American,89,2,0,0,0,1,1,0,0,0,
Riyadh,Pizza Hut,Pizza,87,3.5,0,0,0,0,1,0,0,0,
Riyadh,Surround,International,82,3.5,2,0,0,1,1,0,0,0,
Riyadh,Shrimp Shack Badia,Seafood,79,5,1,0,0,0,0,0,0,0,
Riyadh,Shah Rukh Khan Indian ,Chinese,75,5,1,0,0,0,0,0,0,0,
Riyadh,Alpha Cafe,Cafe,75,5,1,0,0,0,0,0,0,0,
Riyadh,Bahay Kainan,Filipino,72,5,1,0,0,0,0,0,0,0,
Riyadh,Blondom,American,70,3.5,0,0,0,1,0,0,0,0,
Riyadh,Muunni's,International,69,5,1,0,0,0,0,0,0,0,
Riyadh,PrisonCafe,Cafe,68,5,1,0,0,0,0,0,0,0,
Riyadh,Belo ,Italian,66,3.5,1,0,0,0,0,0,0,0,
Riyadh,Picoolo,Cafe,65,5,1,0,0,0,0,0,0,0,
Riyadh,Al Fanar  & Cafe,Seafood,62,5,1,0,0,0,0,0,0,0,
Riyadh,Pizza Hut,Fast Food,60,3.5,0,0,0,3,0,0,0,0,
Riyadh,Pizza Hut,Pizza,56,3,0,0,0,1,0,0,0,0,
Riyadh,Snack Street,American,54,4,1,0,0,1,0,0,0,0,
Riyadh,Alcamal,Indian,54,3.5,0,0,0,0,1,0,0,0,
Riyadh,Coffee Smile,Cafe,47,4,1,0,0,0,0,0,0,0,
Riyadh,Koi,Japanese,44,5,2,0,0,0,0,0,0,0,
Riyadh,Dokos Lounge,International,44,3.5,1,0,0,2,0,0,0,0,
Riyadh,Bollywood420,Indian,43,4,1,0,0,1,0,0,0,0,
Riyadh,AlKhrof ,Arabic,42,5,1,0,0,0,0,0,0,0,
Riyadh,The Grill Garden,American,41,4.5,2,0,0,0,0,0,0,0,
Riyadh,Pizza Hut,Pizza,41,3.5,0,0,0,1,0,0,0,0,
Riyadh,Al Balad  Riyadh,Lebanese,39,4,1,0,0,1,0,0,0,0,
Riyadh,Hara Masrya,Mediterranean,39,5,1,0,0,0,0,0,0,0,
Riyadh,"â€ªChef Boutique Turkish Steakhouse,",Steakhouse,36,4.5,1,0,0,0,0,0,0,0,
Riyadh,Cookery ,Italian,35,5,2,0,0,0,0,0,0,0,
Riyadh,Mirzam,Cafe,32,5,1,0,0,0,0,0,0,0,
Riyadh,Burger King ,American,32,5,1,0,0,0,0,0,0,0, King Fahd
Riyadh,Durrat China,Chinese,32,5,1,0,0,0,0,0,0,0,
Riyadh,Broadway Cafe,American,32,4,1,0,0,1,0,0,0,0,
Riyadh,Elite Cup Roasting,Cafe,32,5,1,0,0,0,0,0,0,0,
Riyadh,Hediard Cafe,French,32,3.5,1,0,0,0,1,0,0,0,
Riyadh,Rojina Cafe,Cafe,31,3.5,0,0,0,2,0,0,0,0,
Riyadh,Cake Me Out Cafe,French,30,5,1,0,0,0,0,0,0,0,
Riyadh,12 Cups,Cafe,29,5,1,0,0,0,0,0,0,0,
Riyadh,Leila Min,Lebanese,28,5,1,0,0,0,0,0,0,0,
Riyadh,Roll Karachi,Barbecue,28,5,1,0,0,0,0,0,0,0,
Riyadh,Primavera ,Italian,28,3.5,1,0,0,0,1,0,0,0,
Riyadh,Zok al mazak,Fast Food,28,1.5,0,0,0,0,1,0,0,0,
Riyadh,Bice ,Italian,26,4,1,0,0,1,0,0,0,0,
Riyadh,Zaitoon ,Chinese,25,5,10,0,0,0,0,0,0,0,
Riyadh,OULU lounge,International,25,3.5,2,0,0,0,1,0,0,0,
Riyadh,Coffee boxes,Cafe,25,4.5,1,0,0,0,0,0,0,0,
Riyadh,Secret Garden CafÃ©,Cafe,24,5,2,0,0,0,0,0,0,0,
Riyadh,Deep Fries,American,24,5,1,0,0,0,0,0,0,0,
Riyadh,Faris Breakfast,American,23,5,1,0,0,0,0,0,0,0,
Riyadh,Los Bandidos Riyadh,French,22,5,2,0,0,0,0,0,0,0,
Riyadh,Ibrahim Al Zafrani Grills,Barbecue,22,5,1,0,0,0,0,0,0,0,
Riyadh,Sweet and Salty Cafe,Cafe,22,5,1,0,0,0,0,0,0,0,
Riyadh,Turkish Taste,Turkish,21,5,2,0,0,0,0,0,0,0,
Riyadh,Cusina,Filipino,20,4,2,0,0,4,0,0,0,0,
Riyadh,Piedays,Cafe,19,4.5,4,0,0,1,0,0,0,0,
Riyadh,Shrimp Shack Ad Dhabab,Seafood,19,5,2,0,0,0,0,0,0,0,
Riyadh,Frosti Ice Cream,Italian,19,4.5,2,0,0,0,0,0,0,0,
Riyadh,Al,Turkish,18,4,2,0,0,3,0,0,0,0,Sakhrah
Riyadh,Brewstars Cafe and Terrace,Cafe,18,5,1,0,0,0,0,0,0,0,
Riyadh,Kapital Kitchen,Italian,18,4.5,1,0,0,0,0,0,0,0,
Riyadh,Apache Smoke & Grill,Barbecue,18,5,1,0,0,0,0,0,0,0,
Riyadh,Avak,Lebanese,17,5,3,0,0,0,0,0,0,0,
Riyadh,Ala Albal,Lebanese,17,3.5,2,0,0,7,0,3.5,3.5,3,
Riyadh,Golden Dragon,Chinese,16,5,1,0,0,0,0,0,0,0,
Riyadh,Toro Burger & Burrito,Fast Food,16,3.5,0,0,0,1,0,0,0,0,
Riyadh,Caramel Lobby Lounge,International,15,4.5,3,0,0,1,0,0,0,0,
Riyadh,Fish Factory,Seafood,15,5,2,0,0,0,0,0,0,0,
Riyadh,La Gais,American,15,5,1,0,0,0,0,0,0,0,
Riyadh,Faris breakfast,Cafe,15,4,1,0,0,0,0,0,0,0,
Riyadh,Pizza Hut,Fast Food,14,4,1,0,0,0,0,0,0,0,
Riyadh,Flour & Firewood,Italian,14,5,1,0,0,0,0,0,0,0,
Riyadh,Shawurama Halil,Arabic,14,5,1,0,0,0,0,0,0,0,
Riyadh,Sweet Date,Italian,13,5,2,0,0,0,0,0,0,0,
Riyadh,The Cove Seafood ,Seafood,12,4.5,1,0,0,0,0,0,0,0,
Riyadh,Nirvana,Italian,12,4,1,0,0,2,0,0,0,0,
Riyadh,Kashounat Albait,Cafe,12,4,1,0,0,0,0,0,0,0,
Riyadh,Shrimp Shack Shifa,Seafood,11,5,7,0,0,0,0,0,0,0,
Riyadh,Koshina Resturant,Italian,11,4.5,2,0,0,1,1,0,0,0,
Riyadh,Lecomptoir Lounge,European,11,5,1,0,0,0,0,0,0,0,
Riyadh,Jorkan,Turkish,11,5,1,0,0,0,0,0,0,0,
Riyadh,Mosaique,International,10,5,3,0,0,0,0,0,0,0,
Riyadh,Steak House,American,10,5,2,0,0,0,0,0,0,0,
Riyadh,Ritage by Maroun Chedid Riyadh,Mediterranean,10,4.5,1,0,0,1,0,0,0,0,
Riyadh,Flour & Firewood,Pizza,10,5,1,0,0,0,0,0,0,0,
Riyadh,Maqloba,Arabic,9,5,5,0,0,0,0,0,0,0,
Riyadh,City Fresh Kitchen,Healthy,9,5,4,0,0,0,0,0,0,0,
Riyadh,Finca Rosalia,Steakhouse,9,4.5,3,0,0,0,0,0,0,0,
Riyadh,Confeiteiria Nacional,European,9,5,2,0,0,0,0,0,0,0,
Riyadh,Bituti,Chinese,9,5,2,0,0,0,0,0,0,0,
Riyadh,Mama Noura,Fast Food,9,5,1,0,0,0,0,0,0,0,alswuaidi
Riyadh,Roka Riyadh,Japanese,8,5,6,0,0,0,0,0,0,0,
Riyadh,Wabi Sabi,Italian,8,4.5,4,0,0,1,0,0,0,0,
Riyadh,Coya Riyadh,Peruvian,8,5,2,0,0,0,0,0,0,0,
Riyadh,Huqqa,Italian,8,5,2,0,0,0,0,0,0,0,
Riyadh,Rice Creamery,International,8,4,1,0,0,0,0,0,0,0,
Riyadh,Madami,Italian,8,5,1,0,0,0,0,0,0,0,
Riyadh,Organic Drip,American,7,5,6,0,0,0,0,0,0,0,
Riyadh,Shrimp Shack Takhassusi,Seafood,7,5,5,0,0,0,0,0,0,0,
Riyadh,Fish Rice Kitchen,Seafood,7,4,4,0,0,0,1,0,0,0,
Riyadh,Zafran Indian Bistro ,Indian,6,5,30,0,0,0,0,0,0,0, Nakheel Mall
Riyadh,The View ,International,6,5,2,0,0,0,0,0,0,0,
Riyadh,Ø¯ÙŠÙ„ Ù…Ø§Ø±,Italian,6,5,1,0,0,0,0,0,0,0,
Riyadh,Buttermilk,American,6,5,1,0,0,0,0,0,0,0,
Riyadh,W XYZ lounge,Bar,6,4,0,0,0,1,0,0,0,0,
Riyadh,Indian Oven,Chinese,5,4,7,0,0,0,1,4,4,4,
Riyadh,Re:fuel snack bar,Cafe,5,4,3,0,0,2,0,0,0,0,
Riyadh,Buttermilk,American,5,5,2,0,0,0,0,0,0,0,
Riyadh,32Grimp,American,5,5,2,0,0,0,0,0,0,0,
Riyadh,Pastalita,Italian,5,3.5,1,0,0,1,0,0,0,0,
Riyadh,Roots Coffeehouse,Cafe,4,5,5,0,0,0,0,0,0,0,
Riyadh,Noor Al Hanaa ,Turkish,4,4.5,3,0,0,0,0,0,0,0,
Riyadh,Gobblers,Fast Food,4,5,3,0,0,0,0,0,0,0,
Riyadh,The Kitchen Production,Mediterranean,4,5,3,0,0,0,0,0,0,0,
Riyadh,Indian Valley ,Indian,4,4.5,3,0,0,0,0,0,0,0,
Riyadh,Kitchen On 3,Lebanese,4,5,3,0,0,0,0,0,0,0,
Riyadh,Pizza Time,Pizza,4,4,2,0,0,3,0,4,4,4,
Riyadh,Broasted Express,American,4,5,2,0,0,0,0,0,0,0,
Riyadh,Shrimp Shack Al Rabwa,Seafood,4,5,2,0,0,0,0,0,0,0,
Riyadh,Shabby chic,Italian,4,4,1,0,0,0,0,0,0,0,
Riyadh,YummiFrutty,Fast Food,4,5,1,0,0,0,0,0,0,0,
Riyadh,Texas Roadhouse,American,3,4.5,3,0,0,1,0,0,0,0,
Riyadh,Scaramouche lounge,Italian,3,4,3,0,0,1,0,0,0,0,
Riyadh,Cleaver Burger 2,American,3,5,1,0,0,0,0,0,0,0,
Riyadh,Lamis Bistro,Middle Eastern,3,4,1,0,0,1,0,0,0,0,
Riyadh,Pizza Hut,Pizza,3,4,1,0,0,0,0,0,0,0,
Riyadh,La Cure Gourmande,French,3,5,1,0,0,0,0,0,0,0,
Riyadh,Booze Specialty Coffee Bar,Cafe,3,3.5,1,0,0,0,1,0,0,0,
Riyadh,Takya,Middle Eastern,2,4.5,7,0,0,0,0,0,0,0,
Riyadh,Yawmiyat,Lebanese,2,4,3,0,0,1,1,0,0,0,
Riyadh,Bukhari Alzamarad Resturant,Mediterranean,2,5,2,0,0,0,0,0,0,0,
Riyadh,Cleaver Burger,American,2,5,1,0,0,0,0,0,0,0,
Riyadh,Coffee Cherries,Cafe,2,4.5,1,0,0,0,0,0,0,0,
Riyadh,Huna Takhassusi,Italian,2,5,1,0,0,0,0,0,0,0,
Riyadh, Bus Station Corner,Italian,2,4,1,0,0,1,0,0,0,0,
Riyadh,Guven KSA,Turkish,2,4.5,1,0,0,0,0,0,0,0,
Riyadh,Nando's Nakheel Mall Riyadh,African,1,5,4,0,0,0,0,0,0,0,
Riyadh,Shrimp Shack King Abdullah Rd,Seafood,1,5,4,0,0,0,0,0,0,0,
Riyadh,FireGrill,Mexican,1,4.5,1,0,0,0,0,0,0,0,
Riyadh,Myazu Riyadh,Sushi,1,5,1,0,0,0,0,0,0,0,
Riyadh,FireGrill,Mexican,1,5,1,0,0,0,0,0,0,0,
Riyadh,Taxi Steaks & Burgers,American,1,3.5,1,0,0,1,0,0,0,0,
Riyadh,Pizza Hut,Pizza,1,4,0,0,0,1,0,0,0,0,
Riyadh,Kudo,Fast Food,1,3,0,0,0,1,0,0,0,0,
Riyadh,ACME ,American,0,4.5,4,0,0,1,0,0,0,0,
Riyadh,Zero Four ,Italian,0,4,3,0,0,1,1,0,0,0,
Riyadh,Arepas,Fast Food,0,4,3,0,0,0,1,0,0,0,
Riyadh,Half Million,Cafe,0,4,2,0,0,0,0,0,0,0,
Riyadh,Capri Cafe,Italian,0,4,2,0,0,0,0,0,0,0,
Riyadh,Oplaisir,French,0,3.5,2,0,0,0,2,0,0,0,
Riyadh,Pizza Hut,Pizza,0,4,1,0,0,0,0,0,0,0,
Riyadh,Lets Pizza,Italian,0,5,1,0,0,0,0,0,0,0,
Riyadh,Ø£Ù†ÙØ§Ø³ Ø§Ù„Ø¹ÙˆØ¯ Ù„Ø§ÙˆÙ†Ø¬,Cafe,0,5,1,0,0,0,0,0,0,0,
Riyadh,La Cour ,Italian,0,4,1,0,0,0,0,0,0,0,
Riyadh,Voila lounge & Cafe,Italian,0,5,1,0,0,0,0,0,0,0,
Riyadh,Ø¨ÙˆØ§Ø¨Ø© Ø§Ù„Ø±Ø§ÙØ¯ÙŠÙ†,Mediterranean,0,3,0,0,0,1,0,0,0,0,
Riyadh,Batchig Cafe,Lebanese,54,,,,,,,0,0,0,
Riyadh,Swiss Butter,French,40,,,,,,,0,0,0,
Riyadh,Gillardino,Italian,21,,,,,,,0,0,0,
Riyadh,So Delicious,International,16,,,,,,,0,0,0,
Riyadh,Burger King ,American,13,,,,,,,0,0,0, Lulu Avenue Mall
Riyadh,Swiss Butter,French,11,,,,,,,0,0,0,
Riyadh,Swiss Butter,French,10,,,,,,,0,0,0,
Riyadh,Swiss Butter,French,10,,,,,,,0,0,0,
Riyadh,Swiss Butter,French,8,,,,,,,0,0,0,
Riyadh,Swiss Butter,French,8,,,,,,,0,0,0,
Riyadh,Kazbah CafÃ©,Cafe,8,,,,,,,0,0,0,
Riyadh,Surround,American,7,,,,,,,0,0,0,
Riyadh,Snackers,Lebanese,7,,,,,,,0,0,0,
Riyadh,Swiss Butter,French,6,,,,,,,0,0,0,
Riyadh,Ù…Ø·Ø¹Ù… Ø³ÙØ±Ø© Ø§Ù„Ø±ÙŠØ§Ø¶ Ø¨Ø®Ø§Ø±ÙŠ,Grill,6,,,,,,,0,0,0,
Riyadh,Swiss Butter,French,5,,,,,,,0,0,0,
Riyadh,Swiss Butter,French,5,,,,,,,0,0,0,
Riyadh,Swiss Butter,French,5,,,,,,,0,0,0,
Riyadh,Artasty,Italian,5,,,,,,,0,0,0,
Riyadh,Swiss Butter,French,4,,,,,,,0,0,0,
Riyadh,Swiss Butter,French,4,,,,,,,0,0,0,
Riyadh,Swiss Butter,French,4,,,,,,,0,0,0,
Riyadh,Swiss Butter,French,3,,,,,,,0,0,0,
Riyadh,Swiss Butter,French,3,,,,,,,0,0,0,
Riyadh,Swiss Butter,French,3,,,,,,,0,0,0,
Riyadh,Burger King,American,3,,,,,,,0,0,0,
Riyadh,Swiss Butter,French,3,,,,,,,0,0,0,
Riyadh,Tomahawk,American,3,,,,,,,0,0,0,
Riyadh,Swiss Butter,French,3,,,,,,,0,0,0,
Riyadh,Who Made My Shawarma,Lebanese,3,,,,,,,0,0,0,
Riyadh,Delice,Italian,3,,,,,,,0,0,0,
Riyadh,Yawmiyat,Lebanese,3,,,,,,,0,0,0,
Riyadh,Coffee Day,Cafe,3,,,,,,,0,0,0,
Riyadh,Swiss Butter,French,2,,,,,,,0,0,0,
Riyadh,Swiss Butter,French,2,,,,,,,0,0,0,
Riyadh,Swiss Butter,French,2,,,,,,,0,0,0,
Riyadh,Swiss Butter,French,2,,,,,,,0,0,0,
Riyadh,9th Street Coffee Roasters,Arabic,2,,,,,,,0,0,0,
Riyadh,Kayal Alshbab Cafe,Cafe,2,,,,,,,0,0,0,
Riyadh,Mitts and Trays,Italian,2,,,,,,,0,0,0,
Riyadh,Gunbun,International,2,,,,,,,0,0,0,
Riyadh,Nesve Cafe,American,2,,,,,,,0,0,0,
Riyadh,The Spot ,Fusion,2,,,,,,,0,0,0,
Riyadh,Swiss Butter,French,1,,,,,,,0,0,0,
Riyadh,Swiss Butter,French,1,,,,,,,0,0,0,
Riyadh,Swiss Butter,French,1,,,,,,,0,0,0,
Riyadh,Swiss Butter,French,1,,,,,,,0,0,0,
Riyadh,Swiss Butter,French,1,,,,,,,0,0,0,
Riyadh,Swiss Butter,French,1,,,,,,,0,0,0,
Riyadh,Swiss Butter,French,1,,,,,,,0,0,0,
Riyadh,Swiss Butter,French,1,,,,,,,0,0,0,
Riyadh,Tiny Bird Cafe,Cafe,1,,,,,,,0,0,0,
Riyadh,Swiss Butter,French,0,,,,,,,0,0,0,
Riyadh,Swiss Butter,French,0,,,,,,,0,0,0,
Riyadh,Babylon Shawarma & Grill,Turkish,0,,,,,,,0,0,0,
Riyadh,Topkapi,Barbecue,0,,,,,,,0,0,0,
Riyadh,Pizza Hut,Pizza,0,,,,,,,0,0,0,
Riyadh,Pizza Hut,Pizza,0,,,,,,,0,0,0,
Riyadh,Mitts & Trays,Italian,0,,,,,,,0,0,0,
Riyadh,Swiss Butter,French,0,,,,,,,0,0,0,
Riyadh,Perimeter,Italian,0,,,,,,,0,0,0,
Riyadh,Pizza Hut,Pizza,0,,,,,,,0,0,0,
Riyadh,La Pugutina,Italian,0,,,,,,,0,0,0,
Riyadh,FireGrill,Mexican,0,,,,,,,0,0,0,
Riyadh,Fairouz Garden,Lebanese,0,,,,,,,0,0,0,
Riyadh,Cafe Al Assil,Cafe,0,,,,,,,0,0,0,
Riyadh,Del Mar,Seafood,0,,,,,,,0,0,0,
Riyadh,Abyan ,Italian,0,,,,,,,0,0,0,
Riyadh,b1 Grilled Burger,American,0,,,,,,,0,0,0,
Riyadh,Biscretta Lounge,Pizza,0,,,,,,,0,0,0,
Riyadh,Chiliâ€™s,American,0,,,,,,,0,0,0,
Riyadh,Ziafa Karak ,Asian,0,,,,,,,0,0,0,
Riyadh,Buttermilk,American,0,,,,,,,0,0,0,
Riyadh,Ø´Ø±ÙƒØ© ÙØ·ÙˆØ± ÙØ§Ø±Ø³,French,0,,,,,,,0,0,0,
Riyadh,Mustard Burger Joint ,Fast Food,0,,,,,,,0,0,0, Al Hamra
Riyadh,Swiss Butter,French,0,,,,,,,0,0,0,
Riyadh,Turnstone Pizza,American,0,,,,,,,0,0,0,
Riyadh,Shawarma Lagaleeg,Lebanese,0,,,,,,,0,0,0,
Riyadh,FireGrill,Mexican,0,,,,,,,0,0,0,
Riyadh,Burger King ,American,0,,,,,,,0,0,0, King Abdullah Park
Riyadh,FireGrill,Mexican,0,,,,,,,0,0,0,
Riyadh,Ristretto ,Cafe,0,,,,,,,0,0,0,
Riyadh,Burger King ,American,0,,,,,,,0,0,0, Hayat Mall
Riyadh,Burger King ,American,0,,,,,,,0,0,0, Yarmuk
Riyadh,Atlantis Cafe,Cafe,0,,,,,,,0,0,0,
Riyadh,FireGrill,Mexican,0,,,,,,,0,0,0,
Riyadh,Yep Burger,American,0,,,,,,,0,0,0,
Riyadh,Bombay ,Chinese,0,,,,,,,0,0,0,
Riyadh,Paul Bakery & ,French,0,,,,,,,0,0,0,
Riyadh,Strit Birajr,Fast Food,0,,,,,,,0,0,0,
Riyadh,Ù…Ø·Ø¹Ù… Ø¨ÙŠØª Ø³ØªÙŠ,Barbecue,0,,,,,,,0,0,0,
Riyadh,Etna Artisan Gelato,Italian,0,,,,,,,0,0,0,
Riyadh,Swiss Butter,French,0,,,,,,,0,0,0,
Riyadh,Pizza Hut,Pizza,0,,,,,,,0,0,0,
Riyadh,EjE Cafe,Cafe,0,,,,,,,0,0,0,
Riyadh,Burger King ,American,0,,,,,,,0,0,0, Al Murabba
Riyadh,DH Lounge Riyadh,International,0,,,,,,,0,0,0,
Riyadh,Century Burger,American,0,,,,,,,0,0,0,
Riyadh,Burger King ,American,0,,,,,,,0,0,0, Ishbilia Compound
Riyadh,Century Burger,Fast Food,0,,,,,,,0,0,0,
Riyadh,Swiss Butter,French,0,,,,,,,0,0,0,
Riyadh,Jars,Healthy,0,,,,,,,0,0,0,
Riyadh,Burger King,American,0,,,,,,,0,0,0,
Riyadh,Dunkin' Donuts,American,0,,,,,,,0,0,0,
Riyadh,Diwanj,Central Asian,0,,,,,,,0,0,0,
Riyadh,DH Lounge,International,0,,,,,,,0,0,0,
Riyadh,Burger King ,American,0,,,,,,,0,0,0, Hamra Mall
Riyadh,Dawzan CafÃ©,Cafe,0,,,,,,,0,0,0,
Riyadh,Pizza Hut,Pizza,0,,,,,,,0,0,0,
Riyadh,Pizza Hut,Pizza,0,,,,,,,0,0,0,
Riyadh,Pizza Hut,Pizza,0,,,,,,,0,0,0,
Riyadh,Pizza Hut,Pizza,0,,,,,,,0,0,0,
Riyadh,Greens ,Fusion,0,,,,,,,0,0,0,
Riyadh,Pizza Hut,Pizza,0,,,,,,,0,0,0,
Riyadh,Pizza Hut,Pizza,0,,,,,,,0,0,0,
Riyadh,Pizza Hut,Pizza,0,,,,,,,0,0,0,
Riyadh,Eat ha,Cafe,0,,,,,,,0,0,0,
Riyadh,Swiss Butter,French,0,,,,,,,0,0,0,
Riyadh,Burger King ,American,0,,,,,,,0,0,0, Riyadh Gallery Mall
Riyadh,Delicious Corner s Mataeim Rukn Alrahib,Lebanese,0,,,,,,,0,0,0,
Riyadh,Tomahawk,American,0,,,,,,,0,0,0,
Riyadh,Shrimp Shack munsiyah,Seafood,0,,,,,,,0,0,0,
Riyadh,Yerivian,Italian,0,,,,,,,0,0,0,
Riyadh,Bunz & Pattiez,American,0,,,,,,,0,0,0,
Riyadh,Slow BBq,American,0,,,,,,,0,0,0,
Riyadh,Beefbar Riyadh,Steakhouse,0,,,,,,,0,0,0,
Riyadh,Byo ,Japanese,0,,,,,,,0,0,0,
Riyadh,La Noche,Italian,0,,,,,,,0,0,0,
Riyadh,Masafh,Italian,0,,,,,,,0,0,0,
Riyadh,Mesquite,American,0,,,,,,,0,0,0,
Riyadh,Burger King ,American,0,,,,,,,0,0,0, Sahaba Rd
Riyadh,Mataeim  Awraq Altuwt Lilbufihat Walhafalat Alkharijia,Seafood,0,,,,,,,0,0,0,
Riyadh,Fork & Pipe,International,0,,,,,,,0,0,0,
Riyadh,Raam ,Lebanese,0,,,,,,,0,0,0,
Riyadh,Paul,French,0,,,,,,,0,0,0,
Riyadh,Bal'harm,Italian,0,,,,,,,0,0,0,
Riyadh,Al Baik ,Lebanese,0,,,,,,,0,0,0,
Riyadh,Al Dana ,Italian,0,,,,,,,0,0,0,
Riyadh,Knowledge Cafe,Cafe,0,,,,,,,0,0,0,
Riyadh,Shawarmer,Arabic,0,,,,,,,0,0,0,
Riyadh,Fish Face,Japanese,0,,,,,,,0,0,0,
Riyadh,Swiss Butter,French,0,,,,,,,0,0,0,
Riyadh,Terminal Transit Burger,American,0,,,,,,,0,0,0,
Riyadh,Burger King ,American,0,,,,,,,0,0,0, Almakan Mall
Riyadh,LOlivo,Italian,0,,,,,,,0,0,0,
Riyadh,Al Liwan ,Fast Food,0,,,,,,,0,0,0,
Riyadh,Burger King ,American,0,,,,,,,0,0,0, Enoc Abha
Riyadh,Burger King ,American,0,,,,,,,0,0,0, Dareen Center
Riyadh,Burger King,American,0,,,,,,,0,0,0,
Riyadh,Burger King,American,0,,,,,,,0,0,0,
Riyadh,Burger King,American,0,,,,,,,0,0,0,
Riyadh,Burger King,American,0,,,,,,,0,0,0,
Riyadh,Burger King,American,0,,,,,,,0,0,0,
Riyadh,Burger King,American,0,,,,,,,0,0,0,
Riyadh,Burger King ,American,0,,,,,,,0,0,0, Exit 8 Dammam Rd
Riyadh,Burger King ,American,0,,,,,,,0,0,0, Badia
Riyadh,Burger King,American,0,,,,,,,0,0,0,
Riyadh,Burger King ,American,0,,,,,,,0,0,0, Al Jamiah St
Riyadh,Burger King,American,0,,,,,,,0,0,0,
Riyadh,Burger King,American,0,,,,,,,0,0,0,
Riyadh,Burger King,American,0,,,,,,,0,0,0,
Riyadh,Burgy,Fast Food,0,,,,,,,0,0,0,
Riyadh,Burger King,American,0,,,,,,,0,0,0,
Riyadh,Bonito,Cafe,0,,,,,,,0,0,0,
Riyadh,Swiss Butter,French,0,,,,,,,0,0,0,
Riyadh,Turnstone Pizza,American,0,,,,,,,0,0,0,
Riyadh,PAUL Bakery & ,French,0,,,,,,,0,0,0,
Riyadh,Pizza Hut,Pizza,0,,,,,,,0,0,0,
Riyadh,Ennabi Grill,Barbecue,0,,,,,,,0,0,0,
Riyadh,Burger King ,American,0,,,,,,,0,0,0, Azizia
Riyadh,Burger King ,American,0,,,,,,,0,0,0, Shifa
Riyadh,Sors Cafe,Cafe,0,,,,,,,0,0,0,
Riyadh,Shawarma Guysâ€Ž,Turkish,0,,,,,,,0,0,0,
Riyadh,Amsterdamer Friet,Fast Food,0,,,,,,,0,0,0,
Riyadh,Seventies Cafe,Cafe,0,,,,,,,0,0,0,
Riyadh,Golden Caviar,Fast Food,0,,,,,,,0,0,0,
Riyadh,Grandma's,Deli,0,,,,,,,0,0,0,
Riyadh,Masami Sushi,Japanese,0,,,,,,,0,0,0,
Riyadh,Absolute Fries,American,0,,,,,,,0,0,0,
Riyadh,Tomahawk,American,0,,,,,,,0,0,0,
Riyadh,Nurr Rest,Eastern European,0,,,,,,,0,0,0,
Riyadh,Plumeria Terrace,International,0,,,,,,,0,0,0,
Riyadh,EntrecÃ´te CafÃ© De Paris,Steakhouse,0,,,,,,,0,0,0,
Riyadh,Larder & Lounge,International,0,,,,,,,0,0,0,
Riyadh,The Bridge,International,0,,,,,,,0,0,0,
Riyadh,Swiss Butter,French,0,,,,,,,0,0,0,
Riyadh,Mbco,Canadian,0,,,,,,,0,0,0,
Riyadh,Mandi Baladi,Healthy,0,,,,,,,0,0,0,
Riyadh,Al Naqaa,Lebanese,0,,,,,,,0,0,0,
Riyadh,Burger King ,American,0,,,,,,,0,0,0, Al Salam Park
Riyadh,FireGrill,Mexican,0,,,,,,,0,0,0,
Riyadh,10:10 Lounge,Street Food,0,,,,,,,0,0,0,
Riyadh,Seoul Food,Asian,0,,,,,,,0,0,0,
Riyadh,Burger King ,American,0,,,,,,,0,0,0, Sasco 154
Riyadh,Gontran Cherrier,French,0,,,,,,,0,0,0,
Riyadh,Katti Eatery,International,0,,,,,,,0,0,0,
Riyadh,Shaken,American,0,,,,,,,0,0,0,
Riyadh,Burgeration,South American,0,,,,,,,0,0,0,
Riyadh,Lune,Seafood,0,,,,,,,0,0,0,
Riyadh,Osama yaseen,Japanese,0,,,,,,,0,0,0,
Riyadh,Hanamy lounge,Japanese,0,,,,,,,0,0,0,
Riyadh,Burger King ,American,0,,,,,,,0,0,0, Bilda
Riyadh,Michel Angelo,Italian,0,,,,,,,0,0,0,
Riyadh,Burger King,American,0,,,,,,,0,0,0,
Riyadh,Burger King,American,0,,,,,,,0,0,0,
Riyadh,Burger King ,American,0,,,,,,,0,0,0, Riyadh Park Mall
Riyadh,Chicken Choice,American,0,,,,,,,0,0,0,
Riyadh,Burger King,American,0,,,,,,,0,0,0,
Riyadh,Swiss Butter,French,0,,,,,,,0,0,0,
Riyadh,Pizza Hut,Fast Food,0,,,,,,,0,0,0,
Riyadh,Lewis & Carroll,Cafe,0,,,,,,,0,0,0,
Riyadh,Pizza Hut,American,0,,,,,,,0,0,0,
Riyadh,Burj Al Hamam Bistro ,Lebanese,0,,,,,,,0,0,0, Dhabab Branch
Riyadh,Burj Al Hamam Bistro ,Lebanese,0,,,,,,,0,0,0, Yasmin Branch
Riyadh,Burj Al Hamam Bistro ,Lebanese,0,,,,,,,0,0,0, Hittin Branch
Riyadh,Burj Al Hamam Bistro ,Lebanese,0,,,,,,,0,0,0, Orouba Branch
Riyadh,Grape Mezze Lounge,Arabic,0,,,,,,,0,0,0,
Riyadh,Grill it,Fast Food,0,,,,,,,0,0,0,
Riyadh,Mareez Express,Fast Food,0,,,,,,,0,0,0,
Riyadh,Al,Grill,0,,,,,,,0,0,0,Nubala 
Riyadh,Lebanon Garden,Lebanese,0,,,,,,,0,0,0,
Riyadh,Swiss Butter,French,0,,,,,,,0,0,0,
Riyadh,Heididorf Caffee,Swiss,0,,,,,,,0,0,0,
Riyadh,Health Zone,Diner,0,,,,,,,0,0,0,
Riyadh,31,Arabic,0,,,,,,,0,0,0,Dec
Riyadh,Gourmet Cafe,Arabic,0,,,,,,,0,0,0,
Riyadh,Lunchbox  Rawdah,Chinese,0,,,,,,,0,0,0,
Riyadh,Ennabi Grill,Barbecue,0,,,,,,,0,0,0,
Riyadh,c.taste ,International,0,,,,,,,0,0,0, Centro Olaya
Riyadh,Hamburgini,American,0,,,,,,,0,0,0,
Riyadh,Kimono,Japanese,0,,,,,,,0,0,0,
Riyadh,Kimono,Japanese,0,,,,,,,0,0,0,
Riyadh,Swiss Butter,French,0,,,,,,,0,0,0,
Riyadh,Al Nakheel Boulevard,Middle Eastern,0,,,,,,,0,0,0,
Riyadh,Burger King,American,0,,,,,,,0,0,0,
Riyadh,Maqlubat Altayibin,Arabic,0,,,,,,,0,0,0,
Riyadh,Shawirma Lighaligh,Lebanese,0,,,,,,,0,0,0,
Riyadh,Tortilla Riyadh Park,Mexican,0,,,,,,,0,0,0,
Riyadh,Pizza Hut,American,0,,,,,,,0,0,0,
Riyadh,Pizza Hut,American,0,,,,,,,0,0,0,
Riyadh,Maqlubat Altayibin,Central Asian,0,,,,,,,0,0,0,
Riyadh,Crepe House,Arabic,0,,,,,,,0,0,0,
Riyadh,The Lounge,International,0,,,,,,,0,0,0,
Riyadh,Elemental,International,0,,,,,,,0,0,0,
Riyadh,Night Burger,American,0,,,,,,,0,0,0,
Riyadh,Paul Bakery & ,French,0,,,,,,,0,0,0,
Riyadh,Golden Cup,Cafe,0,,,,,,,0,0,0,
Riyadh,Turnstone Pizza ,American,0,,,,,,,0,0,0, Bustan
Riyadh,The Terrace,International,0,,,,,,,0,0,0,
Riyadh,Al Diriyah  And Lounge,International,0,,,,,,,0,0,0,
Riyadh,Vapiano Riad,Arabic,0,,,,,,,0,0,0,
Riyadh,Swiss Butter,French,0,,,,,,,0,0,0,
Riyadh,Loris KSA,Lebanese,0,,,,,,,0,0,0,
Riyadh,May Snack,French,0,,,,,,,0,0,0,
Riyadh,Turnstone Pizza ,American,0,,,,,,,0,0,0, Exit 7
Riyadh,Turnstone Pizza ,American,0,,,,,,,0,0,0, Granada
Riyadh,FireGrill,Mexican,0,,,,,,,0,0,0,
Riyadh,Burger King ,American,0,,,,,,,0,0,0, Najmuddin
Riyadh,Quarantotto 48 Pizzeria,Italian,0,,,,,,,0,0,0,
Riyadh,Dairy Queen,American,0,,,,,,,0,0,0,
Riyadh,Le Petit Chef,French,0,,,,,,,0,0,0,
Riyadh,Selfmade,Italian,0,,,,,,,0,0,0,
Riyadh,Sociale CafeÌ,International,0,,,,,,,0,0,0,
Riyadh,Burger King,American,0,,,,,,,0,0,0,
Riyadh,Burger King,American,0,,,,,,,0,0,0,
Riyadh,Burger King,American,0,,,,,,,0,0,0,
Riyadh,Burger King,American,0,,,,,,,0,0,0,
Riyadh,Triple S,American,0,,,,,,,0,0,0,
Riyadh,Burger King ,American,0,,,,,,,0,0,0, Sasco Halban
Riyadh,Burger King,American,0,,,,,,,0,0,0,
Riyadh,Dairy Queen ,American,0,,,,,,,0,0,0, Jana
Riyadh,Dairy Queen ,American,0,,,,,,,0,0,0, Rama Mall
Riyadh,Dairy Queen ,American,0,,,,,,,0,0,0, Tamimi Markets Malqa
Riyadh,Dairy Queen ,American,0,,,,,,,0,0,0, Granada Mall
Riyadh,Dairy Queen ,American,0,,,,,,,0,0,0, Al Jazeera Ghadir
Riyadh,Dairy Queen ,American,0,,,,,,,0,0,0, Uthman Ibn Affan Rd
Riyadh,Swiss Butter,French,0,,,,,,,0,0,0,
Riyadh,Burger King,American,0,,,,,,,0,0,0,
Riyadh,Burger King,American,0,,,,,,,0,0,0,
Riyadh,Bedous Lounge,Italian,0,,,,,,,0,0,0,
Riyadh,Burger King,American,0,,,,,,,0,0,0,
Riyadh,Burger King,American,0,,,,,,,0,0,0,
Riyadh,Burger King,American,0,,,,,,,0,0,0,
Riyadh,Burger King,American,0,,,,,,,0,0,0,
Riyadh,Burger King,American,0,,,,,,,0,0,0,
Riyadh,Lahamim,American,0,,,,,,,0,0,0,
Riyadh,Go Greek,Greek,0,,,,,,,0,0,0,
Riyadh,EntrecoÌ‚te Petit Louis,French,0,,,,,,,0,0,0,
Riyadh,Sushi Art,Lebanese,0,,,,,,,0,0,0,
Riyadh,Burger King,American,0,,,,,,,0,0,0,
Riyadh,Burger King,American,0,,,,,,,0,0,0,
Riyadh,Graffiti Burger,American,0,,,,,,,0,0,0,
Riyadh,Burger King ,American,0,,,,,,,0,0,0, Bin Turkey
Riyadh,Turaib ,Arabic,0,,,,,,,0,0,0,
Riyadh,Koufeiah ,Arabic,0,,,,,,,0,0,0,
Riyadh,Marble,American,0,,,,,,,0,0,0,
Riyadh,Burger King ,American,0,,,,,,,0,0,0, Sulaimaniya 2
Riyadh,Burger King ,American,0,,,,,,,0,0,0, Al Khaleej
Riyadh,Sports Cafe,International,0,,,,,,,0,0,0,
Riyadh,RBG Grill,American,0,,,,,,,0,0,0,
Riyadh,Swiss Butter,French,0,,,,,,,0,0,0,
Riyadh,Roka,Asian,0,,,,,,,0,0,0,
Riyadh,FireGrill,Mexican,0,,,,,,,0,0,0,
Riyadh,My Calorie,Healthy,0,,,,,,,0,0,0,
Riyadh,FireGrill,Mexican,0,,,,,,,0,0,0,
Riyadh,Happy Cheese,American,0,,,,,,,0,0,0,
Riyadh,My Makan,Asian,0,,,,,,,0,0,0,
Riyadh,Sports Cafe Bar and ,International,0,,,,,,,0,0,0,
Riyadh,Mughal Bistro Indian ,Chinese,0,,,,,,,0,0,0,
Riyadh,Deep Fries,American,0,,,,,,,0,0,0,
Riyadh,Al Yasmeen ,Italian,0,,,,,,,0,0,0,
Riyadh,Joos,Arabic,0,,,,,,,0,0,0,
Riyadh,Buffalo Wild Wings ,American,0,,,,,,,0,0,0, Sasco Salman
Riyadh,A HumanBEAN.,Arabic,0,,,,,,,0,0,0,
Riyadh,Mitts & Trays,American,0,,,,,,,0,0,0,
Riyadh,Swiss Butter,French,0,,,,,,,0,0,0,
Riyadh,Toplum,Mediterranean,0,,,,,,,0,0,0,
Riyadh,Nikhat Tihamia,Arabic,0,,,,,,,0,0,0,
Riyadh,Buffalo Wild Wings,American,0,,,,,,,0,0,0,
Riyadh,Burger King,American,0,,,,,,,0,0,0,
Riyadh,Burger King,American,0,,,,,,,0,0,0,
Riyadh,Nuri,Lebanese,0,,,,,,,0,0,0,
Riyadh,Burger King,American,0,,,,,,,0,0,0,
Riyadh,Tranquillo Lounge,Cafe,0,,,,,,,0,0,0,
